{"eval_loss": 1.9947025775909424, "eval_accuracy": 0.30399999022483826, "eval_runtime": 70.0713, "eval_samples_per_second": 14.271, "eval_steps_per_second": 1.784}