{"eval_loss": 1.9713410139083862, "eval_accuracy": 0.30399999022483826, "eval_runtime": 70.0391, "eval_samples_per_second": 14.278, "eval_steps_per_second": 1.785}