{"eval_loss": 4.04110860824585, "eval_accuracy": 0.3160000145435333, "eval_runtime": 70.0657, "eval_samples_per_second": 14.272, "eval_steps_per_second": 1.784}