{"eval_loss": 1.8295949697494507, "eval_accuracy": 0.3166666626930237, "eval_runtime": 84.05, "eval_samples_per_second": 14.277, "eval_steps_per_second": 1.785}