{"eval_loss": 4.05381441116333, "eval_accuracy": 0.30399999022483826, "eval_runtime": 70.2605, "eval_samples_per_second": 14.233, "eval_steps_per_second": 1.779}