{"eval_loss": 3.919856309890747, "eval_accuracy": 0.3216666579246521, "eval_runtime": 84.2401, "eval_samples_per_second": 14.245, "eval_steps_per_second": 1.781}