{"eval_loss": 0.2984848618507385, "eval_accuracy": 0.896159291267395, "eval_runtime": 685.5354, "eval_samples_per_second": 14.357, "eval_steps_per_second": 1.796}