{"eval_loss": 2.0018467903137207, "eval_accuracy": 0.4959357976913452, "eval_runtime": 693.2775, "eval_samples_per_second": 14.196, "eval_steps_per_second": 1.776}